polygon_name,tahun,movement_change_mean,movement_change_min,movement_change_max,stay_put_mean,n_records
Aceh Barat,2021,0.004487452054794521,-0.2862,0.33305,0.18457032876712332,365
Aceh Barat,2022,-0.12138415492957748,-0.36372,0.14992,0.24089521126760566,142
Aceh Barat Daya,2021,-0.012144054794520548,-0.25276,0.50708,0.1905691506849315,365
Aceh Barat Daya,2022,-0.14048112676056337,-0.32592,0.2292,0.2568433802816902,142
Aceh Besar,2021,-0.060512219178082194,-0.33311,0.11965,0.17140331506849316,365
Aceh Besar,2022,-0.1610407042253521,-0.46279,0.0834,0.2193806338028169,142
Aceh Jaya,2021,0.02807895890410959,-0.26114,0.33969,0.20212663013698629,365
Aceh Jaya,2022,-0.06842732394366198,-0.39681,0.38829,0.24517316901408454,142
Aceh Selatan,2021,-0.019206,-0.25326,0.37552,0.22446013698630135,365
Aceh Selatan,2022,-0.11311830985915493,-0.37883,0.23693,0.27717514084507044,142
Aceh Singkil,2021,-0.014658794520547944,-0.28233,0.40782,0.21079350684931505,365
Aceh Singkil,2022,-0.15240239436619718,-0.4002,0.31428,0.26558274647887326,142
Aceh Tamiang,2021,0.0010737808219178082,-0.30545,0.35233,0.2131234794520548,365
Aceh Tamiang,2022,-0.1539261267605634,-0.38033,0.29079,0.2776892957746479,142
Aceh Tengah,2021,0.023554493150684933,-0.24909,0.48649,0.20259791780821917,365
Aceh Tengah,2022,-0.1092574647887324,-0.43181,0.46539,0.2576481690140845,142
Aceh Tenggara,2021,0.050083643835616434,-0.27463,0.28954,0.2243544383561644,365
Aceh Tenggara,2022,-0.10880197183098592,-0.37993,0.21888,0.2729664084507042,142
Aceh Timur,2021,0.0016507967032967034,-0.26754,0.50664,0.21201076923076922,364
Aceh Timur,2022,-0.11561225352112676,-0.39207,0.48437,0.27367521126760563,142
Aceh Utara,2021,-0.01267268493150685,-0.32739,0.50164,0.20665578082191782,365
Aceh Utara,2022,-0.14830915492957747,-0.45393,0.24019,0.26400070422535216,142
Agam,2021,-0.05178002739726027,-0.35135,0.13579,0.21520569863013697,365
Agam,2022,-0.20484323943661972,-0.43013,0.27669,0.27696591549295774,142
Alor,2021,-0.08335964383561643,-0.45728,0.06551,0.21288769863013698,365
Alor,2022,-0.18283161971830986,-0.35915,-0.01001,0.25915739436619717,142
Ambon,2021,-0.01591367123287671,-0.39133,0.17319,0.25442509589041096,365
Ambon,2022,-0.12382767605633803,-0.31508,0.0934,0.28778556338028166,142
Asahan,2021,-0.024723424657534243,-0.34278,0.30618,0.20704312328767124,365
Asahan,2022,-0.2005261971830986,-0.46964,0.28151,0.2603012676056338,142
Asmat,2021,-0.04547128767123288,-0.33171,0.25023,0.26819164383561644,365
Asmat,2022,-0.10563048780487805,-0.42947,0.09093,0.2984470731707317,41
Badung,2021,-0.22549312328767124,-0.79744,-0.0355,0.19394501369863013,365
Badung,2022,-0.35995225352112675,-0.80054,-0.02192,0.24078584507042253,142
Balangan,2021,-0.12313972602739726,-0.40961,0.02729,0.22131915068493152,365
Balangan,2022,-0.2807830985915493,-0.50739,0.05825,0.29177499999999995,142
Balikpapan,2021,-0.13438476712328767,-0.46798,0.02159,0.2392954794520548,365
Balikpapan,2022,-0.27223091549295775,-0.49213,-0.03491,0.2804601408450704,142
Banda Aceh,2021,-0.1118521095890411,-0.37984,0.14964,0.17111279452054795,365
Banda Aceh,2022,-0.21251429577464787,-0.49527,0.11473,0.22453014084507042,142
Bandar Lampung,2021,-0.16581254794520547,-0.43892,-0.0142,0.21862060273972603,365
Bandar Lampung,2022,-0.32872387323943664,-0.54419,-0.06435,0.28214654929577465,142
Bandung,2021,-0.1544034794520548,-0.46531,0.02793,0.25106841095890414,365
Bandung,2022,-0.3062489436619718,-0.60278,-0.03286,0.3114454225352113,142
Bandung Barat,2021,-0.16319813698630137,-0.45268,0.02602,0.24578660273972602,365
Bandung Barat,2022,-0.2970518309859155,-0.57371,-0.0178,0.2983481690140845,142
Banggai,2021,-0.009488575342465753,-0.27529,0.1481,0.24533430136986303,365
Banggai,2022,-0.13891330985915493,-0.32285,0.21861,0.2843394366197183,142
Banggai Kepulauan,2021,-0.03127041095890411,-0.21068,0.17106,0.2271552602739726,365
Banggai Kepulauan,2022,-0.14247147887323944,-0.35568,0.12701,0.2748288732394366,142
Bangka,2021,-0.0786167397260274,-0.36944,0.08266,0.20850654794520548,365
Bangka,2022,-0.22350908450704224,-0.41471,0.07576,0.26437929577464786,142
Bangka Barat,2021,-0.023384328767123288,-0.28307,0.13341,0.21111265753424655,365
Bangka Barat,2022,-0.1410732394366197,-0.33494,0.25431,0.25463021126760566,142
Bangka Selatan,2021,-0.04013616438356164,-0.30615,0.22172,0.22464205479452054,365
Bangka Selatan,2022,-0.16631823943661972,-0.40629,0.2832,0.2732945070422535,142
Bangka Tengah,2021,-0.06821093150684931,-0.35975,0.12866,0.21257473972602742,365
Bangka Tengah,2022,-0.22030295774647887,-0.40027,0.03145,0.27437077464788734,142
Bangkalan,2021,-0.10009268493150686,-0.41327,0.13089,0.22211605479452057,365
Bangkalan,2022,-0.18895147887323943,-0.46175,0.06869,0.27048408450704226,142
Bangli,2021,-0.16811087671232877,-0.73947,0.05848,0.20456893150684932,365
Bangli,2022,-0.3273733098591549,-0.75698,-0.07117,0.26363612676056336,142
Banjar,2021,-0.09474528767123289,-0.43911,0.09995,0.21028868493150685,730
Banjar,2022,-0.2552337323943662,-0.50723,0.11763,0.269910176056338,284
Banjar Baru,2021,-0.12242145205479452,-0.45927,0.03145,0.20114068493150683,365
Banjar Baru,2022,-0.2809388028169014,-0.5136,-0.0424,0.25942098591549295,142
Banjarmasin,2021,-0.1414112602739726,-0.46051,-0.02594,0.21002589041095893,365
Banjarmasin,2022,-0.28630901408450704,-0.52071,-0.0524,0.26512584507042253,142
Banjarnegara,2021,-0.1260868219178082,-0.433,0.17939,0.258934,365
Banjarnegara,2022,-0.2811325352112676,-0.53642,0.08839,0.32960528169014086,142
Bantaeng,2021,-0.03346139726027397,-0.37534,0.16133,0.1971427123287671,365
Bantaeng,2022,-0.17890021126760564,-0.38858,0.11346,0.24771661971830983,142
Bantul,2021,-0.1614985205479452,-0.46146,0.0046,0.1965784383561644,365
Bantul,2022,-0.3327715492957746,-0.57324,0.00883,0.2595692957746479,142
Banyu Asin,2021,-0.12495315068493151,-0.41462,0.04683,0.238948602739726,365
Banyu Asin,2022,-0.2785933802816901,-0.47678,0.02163,0.2985481690140845,142
Banyumas,2021,-0.13050046575342464,-0.44157,0.01886,0.2353454520547945,365
Banyumas,2022,-0.27575190140845074,-0.53049,0.0449,0.2949305633802817,142
Banyuwangi,2021,-0.1339731506849315,-0.45997,0.17269,0.24563430136986303,365
Banyuwangi,2022,-0.31874183098591546,-0.53498,0.00915,0.32732197183098594,142
Barito Kuala,2021,-0.09853871232876713,-0.43358,0.06191,0.21359799999999998,365
Barito Kuala,2022,-0.24932859154929576,-0.47924,0.01392,0.2619942253521127,142
Barito Selatan,2021,-0.039984,-0.38409,0.19244,0.24332882191780822,365
Barito Selatan,2022,-0.17601302816901407,-0.35826,0.13921,0.3000108450704225,142
Barito Timur,2021,-0.019578273972602738,-0.33684,0.20772,0.2396653698630137,365
Barito Timur,2022,-0.16794359154929578,-0.35843,0.1592,0.29374767605633806,142
Barito Utara,2021,-0.074188,-0.36937,0.07584,0.23174950684931508,365
Barito Utara,2022,-0.23053605633802818,-0.37334,0.03998,0.3003695070422535,142
Barru,2021,-0.024922520547945203,-0.38256,0.20849,0.21496816438356164,365
Barru,2022,-0.15872295774647888,-0.41093,0.12033,0.27239401408450703,142
Batam,2021,-0.12834753424657536,-0.41436,0.04928,0.2301451506849315,365
Batam,2022,-0.27286133802816903,-0.44075,-0.05197,0.277485,142
Batang,2021,-0.028396,-0.36822,0.19402,0.2059332328767123,365
Batang,2022,-0.22864345070422537,-0.46537,0.12322,0.2760719718309859,142
Batang Hari,2021,0.03709219178082192,-0.28476,0.34203,0.20459452054794522,365
Batang Hari,2022,-0.09291781690140846,-0.35982,0.37125,0.25782676056338033,142
Batu,2021,-0.17155186301369862,-0.51832,0.08985,0.23014734246575344,365
Batu,2022,-0.29851161971830986,-0.53093,0.07346,0.28878161971830985,142
Batu Bara,2021,-0.034352027397260274,-0.34073,0.27759,0.21739068493150684,365
Batu Bara,2022,-0.20814943661971833,-0.448,0.20394,0.2640317605633803,142
Bau-Bau,2021,0.051582328767123285,-0.31131,0.17912,0.2080766575342466,365
Bau-Bau,2022,-0.10639464788732395,-0.34927,0.13476,0.26196281690140844,142
Bekasi,2021,-0.13208205479452054,-0.42407,0.04862,0.23098879452054796,365
Bekasi,2022,-0.2962369014084507,-0.54675,-0.00379,0.28564992957746477,142
Belitung,2021,-0.07116380821917807,-0.3374,0.0976,0.18048350684931508,365
Belitung,2022,-0.21827373239436618,-0.41448,0.05662,0.2367175352112676,142
Belitung Timur,2021,0.018974520547945205,-0.2703,0.3902,0.1745465479452055,365
Belitung Timur,2022,-0.12382605633802818,-0.34646,0.20688,0.22135880281690143,142
Belu,2021,-0.003374575342465754,-0.29649,0.17891,0.223325698630137,365
Belu,2022,-0.12322521126760562,-0.30766,0.12456,0.274040985915493,142
Bener Meriah,2021,0.012081945205479451,-0.28267,0.71538,0.25496857534246575,365
Bener Meriah,2022,-0.11380084507042254,-0.45739,0.50614,0.3142985915492958,142
Bengkalis,2021,-0.053249835616438354,-0.32649,0.04159,0.2166809315068493,365
Bengkalis,2022,-0.19437514084507043,-0.36591,0.12907,0.2698852816901408,142
Bengkayang,2021,-0.04727986301369863,-0.32957,0.26942,0.270022904109589,365
Bengkayang,2022,-0.19346901408450703,-0.34084,0.40448,0.32906774647887327,142
Bengkulu,2021,-0.06613323287671233,-0.37186,0.10019,0.21567660273972603,365
Bengkulu,2022,-0.2485306338028169,-0.47684,0.28612,0.2736978169014085,142
Bengkulu Selatan,2021,-0.015143561643835617,-0.30392,0.19221,0.22414635616438355,365
Bengkulu Selatan,2022,-0.20641394366197183,-0.40592,0.19985,0.2820980281690141,142
Bengkulu Tengah,2021,-0.004168876712328767,-0.30573,0.34643,0.2237062191780822,365
Bengkulu Tengah,2022,-0.203561338028169,-0.40768,0.14441,0.2885656338028169,142
Bengkulu Utara,2021,-0.004146876712328767,-0.21318,0.27155,0.2345372602739726,365
Bengkulu Utara,2022,-0.12908901408450704,-0.30022,0.22953,0.2856945070422535,142
Berau,2021,-0.03381057534246576,-0.33826,0.10622,0.23503046575342465,365
Berau,2022,-0.20039295774647886,-0.3264,0.03597,0.28677676056338025,142
Biak Numfor,2021,-0.050466191780821915,-0.36201,0.21359,0.21847652054794522,365
Biak Numfor,2022,-0.19087654929577463,-0.33821,0.05991,0.2625562676056338,142
Bima,2021,0.053301178082191786,-0.26818,0.26711,0.24612764383561644,365
Bima,2022,-0.15331816901408452,-0.34542,0.13099,0.31392823943661974,142
Bintan,2021,-0.06202454794520548,-0.38298,0.13115,0.1942777808219178,365
Bintan,2022,-0.2072362676056338,-0.34968,0.0952,0.25250866197183097,142
Bireuen,2021,-0.008448657534246574,-0.28625,0.46956,0.18140301369863016,365
Bireuen,2022,-0.1432483098591549,-0.48392,0.26279,0.23703690140845068,142
Bitung,2021,-0.058638328767123285,-0.32139,0.14119,0.22367476712328765,365
Bitung,2022,-0.1869137323943662,-0.38389,0.03777,0.2608706338028169,142
Blitar,2021,-0.14258049315068494,-0.47694,0.1861,0.2466911780821918,365
Blitar,2022,-0.34921274647887324,-0.54402,-0.00244,0.32891338028169015,142
Blora,2021,-0.10991019178082193,-0.44329,0.0739,0.2241715890410959,365
Blora,2022,-0.2856517605633803,-0.50425,0.01369,0.288168661971831,142
Boalemo,2021,0.1353673698630137,-0.17402,0.43169,0.23706635616438354,365
Boalemo,2022,0.03277176056338028,-0.2277,0.3974,0.26933204225352114,142
Bogor,2021,-0.16264805479452055,-0.4377,-0.00989,0.24013673972602742,365
Bogor,2022,-0.30136366197183095,-0.56194,-0.04327,0.2975721126760563,142
Bojonegoro,2021,-0.09709753424657536,-0.46686,0.06154,0.22440265753424657,365
Bojonegoro,2022,-0.26977450704225353,-0.51202,0.05972,0.29203422535211265,142
Bolaang Mongondow,2021,0.02751832876712329,-0.2781,0.28445,0.24925019178082192,365
Bolaang Mongondow,2022,-0.059155070422535205,-0.24804,0.27003,0.2817012676056338,142
Bolaang Mongondow Selatan,2021,-0.014789150684931507,-0.37094,0.38856,0.23748320547945206,365
Bolaang Mongondow Selatan,2022,-0.05400549295774648,-0.31742,0.35657,0.2871569014084507,142
Bolaang Mongondow Timur,2021,0.011209835616438357,-0.27963,0.3243,0.2645049589041096,365
Bolaang Mongondow Timur,2022,-0.11420739436619717,-0.45139,0.2979,0.3127735915492958,142
Bolaang Mongondow Utara,2021,0.16806690410958905,-0.20476,0.52353,0.22583375342465756,365
Bolaang Mongondow Utara,2022,0.09638267605633802,-0.23265,0.43619,0.2516888028169014,142
Bombana,2021,0.03929282191780822,-0.25324,0.25373,0.2597945479452055,365
Bombana,2022,-0.10222035211267606,-0.26926,0.23485,0.32097950704225353,142
Bondowoso,2021,-0.09275939726027398,-0.43572,0.11791,0.23087558904109587,365
Bondowoso,2022,-0.2515787323943662,-0.50948,0.01422,0.30248450704225355,142
Bone,2021,-0.011762794520547945,-0.31119,0.14198,0.22626561643835616,365
Bone,2022,-0.13365732394366198,-0.40022,0.09962,0.27673161971830984,142
Bone Bolango,2021,0.008568821917808219,-0.31015,0.2756,0.23928583561643837,365
Bone Bolango,2022,-0.11254929577464788,-0.36387,0.19855,0.2713307042253521,142
Bontang,2021,-0.11539980821917808,-0.49337,0.05813,0.24672624657534248,365
Bontang,2022,-0.25110859154929577,-0.42432,0.01883,0.29528978873239436,142
Boven Digoel,2021,-0.006511835616438356,-0.24371,0.26419,0.23475035616438356,365
Boven Digoel,2022,-0.08998329411764706,-0.24747,0.04716,0.29091035294117645,85
Boyolali,2021,-0.064942,-0.39641,0.10731,0.1828256712328767,365
Boyolali,2022,-0.25545267605633803,-0.51459,0.04639,0.25061021126760563,142
Brebes,2021,-0.044519753424657534,-0.40653,0.23275,0.24091602739726026,365
Brebes,2022,-0.22977112676056335,-0.49792,0.25094,0.30856654929577465,142
Bukittinggi,2021,-0.0519645205479452,-0.35334,0.19633,0.19340767123287672,365
Bukittinggi,2022,-0.18496098591549295,-0.54113,0.39042,0.2579880281690141,142
Buleleng,2021,-0.1488003287671233,-0.73566,0.03414,0.20583969863013699,365
Buleleng,2022,-0.33511478873239436,-0.77633,-0.0338,0.27121021126760564,142
Bulukumba,2021,-0.06654761643835616,-0.38454,0.1014,0.19939978082191778,365
Bulukumba,2022,-0.18704197183098592,-0.39678,0.21975,0.24860246478873238,142
Bulungan,2021,-0.06052978082191781,-0.30719,0.11428,0.24157841095890412,365
Bulungan,2022,-0.1864288732394366,-0.32236,0.1287,0.2899806338028169,142
Bungo,2021,-0.014724219178082192,-0.31241,0.1479,0.1978432602739726,365
Bungo,2022,-0.1645270422535211,-0.34996,0.15612,0.25824422535211267,142
Buol,2021,0.028716712328767123,-0.22484,0.31485,0.24265997260273975,365
Buol,2022,-0.10542697183098591,-0.2882,0.21305,0.2808892957746479,142
Buru,2021,0.09211980821917809,-0.1927,0.34267,0.22711484931506848,365
Buru,2022,-0.036723450704225356,-0.24121,0.20006,0.2763024647887324,142
Buru Selatan,2021,-0.003956677115987461,-0.28735,0.35599,0.265026144200627,319
Buton,2021,-0.023762465753424656,-0.29848,0.12016,0.2811405479452055,365
Buton,2022,-0.16555838028169015,-0.37312,0.0983,0.3325031690140845,142
Buton Utara,2021,-0.023435565749235474,-0.31498,0.37466,0.23758941896024463,327
Buton Utara,2022,0.1333038888888889,-0.02781,0.31896,0.20149111111111112,18
Ciamis,2021,-0.055042383561643836,-0.4053,0.19482,0.2425552602739726,365
Ciamis,2022,-0.18366830985915492,-0.53439,0.34993,0.30443880281690144,142
Cianjur,2021,-0.10476153424657535,-0.41309,0.09404,0.2583713698630137,365
Cianjur,2022,-0.25160401408450705,-0.55721,0.0538,0.3176852112676056,142
Cilacap,2021,-0.1340916712328767,-0.42365,0.08587,0.24552323287671232,365
Cilacap,2022,-0.2978420422535211,-0.51658,0.06199,0.31151753521126757,142
Cilegon,2021,-0.0657910410958904,-0.39505,0.19065,0.1972538082191781,365
Cilegon,2022,-0.23167204225352112,-0.47459,0.36524,0.25484535211267606,142
Cimahi,2021,-0.20404027397260274,-0.46999,-0.00827,0.26285682191780824,365
Cimahi,2022,-0.3515964788732394,-0.60368,-0.10507,0.325572676056338,142
Cirebon,2021,-0.1193887397260274,-0.44558,0.07665,0.21927613698630138,365
Cirebon,2022,-0.29572394366197186,-0.54807,0.02052,0.28797140845070424,142
Dairi,2021,-0.08525835616438356,-0.33547,0.3766,0.23552619178082193,365
Dairi,2022,-0.21388514084507043,-0.3603,0.39334,0.28438640845070423,142
Deli Serdang,2021,-0.05889676712328767,-0.35374,0.06642,0.20537471232876714,365
Deli Serdang,2022,-0.2511861267605634,-0.45741,0.06839,0.26256316901408455,142
Demak,2021,-0.04609802739726028,-0.37469,0.16235,0.20179909589041098,365
Demak,2022,-0.2708639436619718,-0.55022,0.0504,0.2733093661971831,142
Denpasar,2021,-0.24171224657534246,-0.80424,-0.07557,0.2005548493150685,365
Denpasar,2022,-0.39881922535211267,-0.80437,-0.10759,0.2547678873239437,142
Depok,2021,-0.17715701369863016,-0.46476,0.01834,0.2712164657534247,365
Depok,2022,-0.31277514084507047,-0.54298,-0.02859,0.3248519014084507,142
Dharmasraya,2021,0.017919561643835617,-0.27164,0.24741,0.19894753424657532,365
Dharmasraya,2022,-0.07164112676056338,-0.40249,0.5111,0.24575316901408448,142
Dompu,2021,0.01621731506849315,-0.28271,0.20344,0.2137726301369863,365
Dompu,2022,-0.15869845070422536,-0.35324,0.1693,0.27708471830985915,142
Donggala,2021,-0.013685534246575343,-0.36981,0.18412,0.2723058356164384,365
Donggala,2022,-0.18024908450704225,-0.38891,0.13317,0.32098098591549296,142
Dumai,2021,-0.045031589041095894,-0.35772,0.10498,0.2053905205479452,365
Dumai,2022,-0.19768830985915492,-0.39491,0.17825,0.261539014084507,142
Empat Lawang,2021,-0.04292701369863014,-0.3451,0.22319,0.26797306849315067,365
Empat Lawang,2022,-0.19735605633802816,-0.37784,0.31895,0.3477768309859155,142
Ende,2021,-0.02781676712328767,-0.34342,0.20404,0.22052706849315068,365
Ende,2022,-0.17020577464788733,-0.33881,0.05318,0.2832652816901408,142
Enrekang,2021,-0.03242520547945205,-0.32691,0.14208,0.25843156164383563,365
Enrekang,2022,-0.16295274647887323,-0.36398,0.14069,0.31989197183098594,142
Fakfak,2021,-0.027386849315068493,-0.33362,0.1657,0.23965416438356166,365
Fakfak,2022,-0.174576338028169,-0.40862,0.05926,0.29043035211267604,142
Flores Timur,2021,-0.04743665753424658,-0.41327,0.11438,0.23106090410958904,365
Flores Timur,2022,-0.17234457746478873,-0.35857,0.05254,0.2842024647887324,142
Garut,2021,-0.0958151506849315,-0.39552,0.11302,0.2527685205479452,365
Garut,2022,-0.22273521126760562,-0.50713,0.23522,0.31559028169014086,142
Gayo Lues,2021,-0.053424493150684926,-0.31784,0.1835,0.22330860273972603,365
Gayo Lues,2022,-0.1891669718309859,-0.4251,0.17319,0.2827912676056338,142
Gianyar,2021,-0.23293663013698632,-0.79073,-0.102,0.19571301369863012,365
Gianyar,2022,-0.3920574647887324,-0.79998,-0.14765,0.2550311971830986,142
Gorontalo,2021,0.06256994520547945,-0.29407,0.3333,0.22165383561643837,365
Gorontalo,2022,-0.0748544366197183,-0.35856,0.33195,0.2558421830985916,142
Gorontalo Utara,2021,0.10659186301369863,-0.23122,0.38687,0.24861901369863015,365
Gorontalo Utara,2022,-0.012176478873239438,-0.31423,0.32593,0.28842352112676056,142
Gowa,2021,-0.08302717808219177,-0.40754,0.11739,0.21236175342465752,365
Gowa,2022,-0.2335907042253521,-0.47302,0.04165,0.25984408450704227,142
Gresik,2021,-0.12375917808219178,-0.43944,0.02951,0.20684287671232876,365
Gresik,2022,-0.3096297887323944,-0.54958,-0.0311,0.27064859154929577,142
Grobogan,2021,-0.09806860273972602,-0.46243,0.07097,0.23049517808219178,365
Grobogan,2022,-0.28981781690140845,-0.52644,0.03358,0.2960560563380282,142
Gunung Kidul,2021,-0.12087208219178082,-0.44169,0.06978,0.19332161643835616,365
Gunung Kidul,2022,-0.24038830985915494,-0.46203,0.16019,0.23863485915492957,142
Gunung Mas,2021,-0.04276046575342466,-0.34576,0.16304,0.26672547945205477,365
Gunung Mas,2022,-0.17383943661971832,-0.31128,0.07337,0.3281051408450704,142
Gunungsitoli,2021,-0.02012657534246575,-0.24155,0.18664,0.19723580821917808,365
Gunungsitoli,2022,-0.13995661971830986,-0.30784,0.22687,0.24522852112676058,142
Halmahera Barat,2021,0.021469917808219177,-0.3175,0.23971,0.2515414520547945,365
Halmahera Barat,2022,-0.07701654929577466,-0.40526,0.17744,0.3006014084507042,142
Halmahera Selatan,2021,-0.021984904109589042,-0.2111,0.21643,0.241821698630137,365
Halmahera Selatan,2022,-0.06500619718309858,-0.21348,0.04962,0.2570156338028169,142
Halmahera Tengah,2021,0.1466887397260274,-0.08815,0.34449,0.15050197260273973,365
Halmahera Tengah,2022,0.103195,-0.07392,0.30559,0.18813169014084508,142
Halmahera Timur,2021,0.046134356164383564,-0.16463,0.298,0.23323126027397262,365
Halmahera Timur,2022,-0.010255140845070423,-0.20659,0.18447,0.26984577464788734,142
Halmahera Utara,2021,0.03838241095890411,-0.28896,0.25174,0.22923400000000002,365
Halmahera Utara,2022,-0.0681862676056338,-0.27068,0.20147,0.2671285211267606,142
Hulu Sungai Selatan,2021,-0.08933224657534247,-0.45605,0.06176,0.23090068493150687,365
Hulu Sungai Selatan,2022,-0.2718056338028169,-0.54547,0.04508,0.3048646478873239,142
Hulu Sungai Tengah,2021,-0.060921424657534244,-0.48128,0.08917,0.2213640821917808,365
Hulu Sungai Tengah,2022,-0.22798,-0.47032,0.0959,0.292161338028169,142
Hulu Sungai Utara,2021,-0.003480301369863014,-0.32172,0.20304,0.23371167123287673,365
Hulu Sungai Utara,2022,-0.1948680985915493,-0.45045,0.18241,0.3116480985915493,142
Humbang Hasundutan,2021,-0.057671917808219175,-0.30246,0.51196,0.21685120547945205,365
Humbang Hasundutan,2022,-0.14868950704225353,-0.32209,0.54756,0.26266464788732397,142
Indragiri Hilir,2021,-0.02064487671232877,-0.25552,0.19449,0.2305114794520548,365
Indragiri Hilir,2022,-0.14528732394366198,-0.35079,0.10301,0.2805997887323944,142
Indragiri Hulu,2021,0.02209621917808219,-0.25924,0.2135,0.21345983561643836,365
Indragiri Hulu,2022,-0.08723281690140845,-0.25074,0.19563,0.25974183098591547,142
Indramayu,2021,-0.055826356164383556,-0.37447,0.22122,0.25805575342465753,365
Indramayu,2022,-0.25839415492957746,-0.49425,0.12978,0.33241830985915494,142
Jakarta Barat,2021,-0.21264293150684932,-0.47931,-0.00712,0.2713433150684932,365
Jakarta Barat,2022,-0.34204422535211265,-0.52188,-0.11157,0.3159587323943662,142
Jakarta Pusat,2021,-0.2481587671232877,-0.49989,-0.02507,0.27162128767123284,365
Jakarta Pusat,2022,-0.3510266901408451,-0.53501,-0.12185,0.3075228169014084,142
Jakarta Selatan,2021,-0.26255046575342467,-0.51254,-0.07505,0.28650961643835615,365
Jakarta Selatan,2022,-0.37526922535211266,-0.57406,-0.15379,0.32666964788732394,142
Jakarta Timur,2021,-0.24432780821917807,-0.49375,-0.08957,0.28277471232876716,365
Jakarta Timur,2022,-0.3683360563380282,-0.56482,-0.14992,0.327252323943662,142
Jakarta Utara,2021,-0.21257090410958904,-0.47167,-0.00813,0.2804103287671233,365
Jakarta Utara,2022,-0.3473798591549296,-0.51318,-0.11614,0.3251107746478873,142
Jambi,2021,-0.09985583561643836,-0.38373,0.0075,0.21092419178082192,365
Jambi,2022,-0.2779044366197183,-0.48895,-0.00992,0.27309788732394363,142
Jayapura,2021,0.03219693150684932,-0.39062,0.26622,0.22236805479452054,365
Jayapura,2022,-0.08841866197183099,-0.25543,0.18922,0.26712098591549294,142
Jayawijaya,2021,-0.05212584269662921,-0.3821,0.15263,0.17197120786516853,356
Jayawijaya,2022,-0.14846528169014087,-0.30137,0.06188,0.24732880281690142,142
Jember,2021,-0.11252923287671232,-0.46796,0.11441,0.24698326027397258,365
Jember,2022,-0.29944401408450705,-0.51841,-0.02123,0.32797950704225354,142
Jembrana,2021,-0.153340301369863,-0.6763,0.15176,0.18981468493150683,365
Jembrana,2022,-0.2833538028169014,-0.75165,0.19671,0.249852323943662,142
Jeneponto,2021,-0.025235013698630137,-0.31034,0.16226,0.20193082191780823,365
Jeneponto,2022,-0.14366950704225354,-0.35419,0.19043,0.24587394366197182,142
Jepara,2021,-0.10315479452054795,-0.37966,0.10182,0.1847630684931507,365
Jepara,2022,-0.2682062676056338,-0.50094,0.07755,0.2606656338028169,142
Jombang,2021,-0.08046994520547945,-0.4449,0.07299,0.22451123287671235,365
Jombang,2022,-0.2966845070422535,-0.55938,0.01922,0.3022357042253521,142
Kaimana,2021,0.0037217260273972597,-0.35183,0.25062,0.24573049315068493,365
Kaimana,2022,-0.1576442957746479,-0.36339,0.22014,0.31076154929577465,142
Kampar,2021,-0.024652739726027398,-0.32931,0.14803,0.20077068493150685,365
Kampar,2022,-0.16407049295774648,-0.40257,0.17579,0.2495706338028169,142
Kapuas,2021,-0.07224934246575343,-0.38516,0.06725,0.23759257534246575,365
Kapuas,2022,-0.2117818309859155,-0.38622,0.01872,0.2868081690140845,142
Kapuas Hulu,2021,-0.020517780821917807,-0.32881,0.13572,0.2462808767123288,365
Kapuas Hulu,2022,-0.17500105633802818,-0.33404,0.09108,0.3176554929577465,142
Karanganyar,2021,-0.14925934246575343,-0.46156,-0.00541,0.17789854794520546,365
Karanganyar,2022,-0.31723894366197186,-0.5497,-0.02679,0.2405175352112676,142
Karangasem,2021,-0.1371044383561644,-0.72866,0.07865,0.2130675890410959,365
Karangasem,2022,-0.2841349295774648,-0.74574,0.01628,0.2683607746478873,142
Karawang,2021,-0.10129641095890411,-0.39127,0.06326,0.20600035616438356,365
Karawang,2022,-0.28270809859154933,-0.55011,0.06373,0.2686197887323944,142
Karimun,2021,-0.07460304109589042,-0.36101,0.0739,0.20305665753424657,365
Karimun,2022,-0.19616098591549294,-0.36667,-0.00589,0.24427985915492956,142
Karo,2021,-0.049349095890410956,-0.34668,0.24762,0.23806531506849316,365
Karo,2022,-0.16413781690140844,-0.34154,0.30385,0.2767916901408451,142
Katingan,2021,-0.051307945205479454,-0.29383,0.15096,0.2643384109589041,365
Katingan,2022,-0.184781338028169,-0.31867,0.0838,0.3070145774647887,142
Kaur,2021,-0.03316312328767123,-0.26498,0.24601,0.2296860273972603,365
Kaur,2022,-0.17110936619718312,-0.40211,0.37551,0.2806457746478873,142
Kayong Utara,2021,-0.05346391780821918,-0.39775,0.22116,0.23829679452054794,365
Kayong Utara,2022,-0.22131401408450704,-0.41449,0.2191,0.31163295774647887,142
Kebumen,2021,-0.11852402739726028,-0.45372,0.12521,0.24678821917808222,365
Kebumen,2022,-0.2661732394366197,-0.53312,0.20923,0.3153738732394366,142
Kediri,2021,-0.10420350684931508,-0.48532,0.16085,0.2260828219178082,365
Kediri,2022,-0.3154329577464789,-0.54392,0.0171,0.3040135915492958,142
Keerom,2021,-0.08964464831804282,-0.38773,0.13312,0.28971633027522936,327
Keerom,2022,-0.11802795774647887,-0.36704,0.16768,0.3076346478873239,142
Kendal,2021,-0.12231923287671234,-0.46002,0.0778,0.2036028219178082,365
Kendal,2022,-0.31730422535211267,-0.54924,0.00547,0.2731722535211268,142
Kendari,2021,0.010657972602739726,-0.33546,0.16269,0.2065570684931507,365
Kendari,2022,-0.16330028169014085,-0.3757,0.11997,0.2625005633802817,142
Kepahiang,2021,-0.0645068493150685,-0.32951,0.16448,0.23907756164383562,365
Kepahiang,2022,-0.23314542253521128,-0.43694,0.24012,0.30836359154929577,142
Kepulauan Anambas,2021,-0.05603890410958904,-0.30018,0.12188,0.24154150684931508,365
Kepulauan Anambas,2022,-0.1275969014084507,-0.3561,0.09354,0.27510267605633804,142
Kepulauan Aru,2021,0.09403739726027398,-0.16899,0.27512,0.21750964383561644,365
Kepulauan Aru,2022,-0.020022112676056334,-0.206,0.2303,0.2682038732394366,142
Kepulauan Mentawai,2021,0.013752821917808218,-0.21813,0.22764,0.22828021917808222,365
Kepulauan Mentawai,2022,-0.06996030303030303,-0.3138,0.28352,0.26843280303030304,132
Kepulauan Meranti,2021,-0.10386361643835618,-0.32526,0.04297,0.22129079452054795,365
Kepulauan Meranti,2022,-0.2221580985915493,-0.36135,0.02844,0.2761323943661972,142
Kepulauan Sangihe,2021,-0.04974186301369863,-0.29861,0.11639,0.23402019178082192,365
Kepulauan Sangihe,2022,-0.15184915492957746,-0.40095,0.02965,0.27343633802816897,142
Kepulauan Selayar,2021,-0.03579169863013699,-0.29809,0.1258,0.22636591780821916,365
Kepulauan Selayar,2022,-0.19500246478873237,-0.41701,0.1103,0.28618464788732395,142
Kepulauan Seribu,2021,-0.13191418282548475,-0.47455,0.42558,0.2887397506925208,361
Kepulauan Seribu,2022,0.030651785714285718,-0.36804,0.81396,0.2636753571428571,28
Kepulauan Sula,2021,0.002408739726027397,-0.24324,0.23345,0.23379465753424655,365
Kepulauan Sula,2022,-0.10656887323943662,-0.26876,0.17565,0.2730626056338028,142
Kepulauan Talaud,2021,0.006183534246575343,-0.29687,0.38052,0.2614375890410959,365
Kepulauan Talaud,2022,-0.09111788732394366,-0.3584,0.43224,0.2928788732394366,142
Kepulauan Yapen,2021,-0.09221336986301369,-0.34157,0.1027,0.1982051780821918,365
Kepulauan Yapen,2022,-0.199551338028169,-0.39936,0.03736,0.24638457746478873,142
Kerinci,2021,0.022779753424657535,-0.28445,0.56117,0.2399635616438356,365
Kerinci,2022,-0.1474131690140845,-0.38251,0.46532,0.3162749295774648,142
Ketapang,2021,-0.07410071232876712,-0.33016,0.1147,0.22232731506849313,365
Ketapang,2022,-0.2334928873239437,-0.40442,0.12374,0.28916035211267604,142
Klaten,2021,-0.11049241095890411,-0.45266,0.04138,0.19115098630136987,365
Klaten,2022,-0.29489718309859153,-0.53762,0.01396,0.25891183098591547,142
Klungkung,2021,-0.17731290410958905,-0.75773,-0.06221,0.1949513698630137,365
Klungkung,2022,-0.3405640845070423,-0.7795,-0.07851,0.25339105633802816,142
Kolaka,2021,0.035186794520547945,-0.25305,0.1945,0.2327677260273973,365
Kolaka,2022,-0.11280838028169013,-0.32038,0.13179,0.28766302816901407,142
Kolaka Utara,2021,-0.007542986301369863,-0.27849,0.23685,0.25373284931506845,365
Kolaka Utara,2022,-0.09742049295774648,-0.32551,0.15576,0.29849366197183097,142
Konawe,2021,0.05791934246575343,-0.2417,0.23285,0.20840854794520547,365
Konawe,2022,-0.07702492957746479,-0.24928,0.22782,0.26450845070422535,142
Konawe Selatan,2021,0.027496739726027397,-0.28504,0.2171,0.232643698630137,365
Konawe Selatan,2022,-0.10993950704225351,-0.29249,0.19757,0.2732092957746479,142
Konawe Utara,2021,0.09133120547945205,-0.25061,0.44882,0.2525704931506849,365
Konawe Utara,2022,-0.012041760563380282,-0.27143,0.35027,0.30534169014084506,142
Kota Bandung,2021,-0.20323052054794521,-0.47498,-0.02767,0.2756741917808219,365
Kota Bandung,2022,-0.3471439436619718,-0.61901,-0.05561,0.33359401408450706,142
Kota Baru,2021,-0.04772854794520548,-0.37495,0.12227,0.23323898630136988,365
Kota Baru,2022,-0.18689577464788734,-0.368,0.20868,0.28886478873239435,142
Kota Bekasi,2021,-0.20670490410958903,-0.4697,-0.06439,0.27108827397260277,365
Kota Bekasi,2022,-0.3467911971830986,-0.56953,-0.11333,0.32679725352112676,142
Kota Bima,2021,0.08902868493150684,-0.2523,0.30147,0.20085232876712328,365
Kota Bima,2022,-0.13482091549295777,-0.36215,0.26659,0.2681295070422535,142
Kota Binjai,2021,-0.09744465753424658,-0.40526,0.03561,0.21482939726027397,365
Kota Binjai,2022,-0.29171880281690143,-0.50206,0.01298,0.27689915492957745,142
Kota Blitar,2021,-0.11822419178082191,-0.45624,0.11601,0.22427109589041094,365
Kota Blitar,2022,-0.3008353521126761,-0.51297,0.16679,0.29520605633802816,142
Kota Bogor,2021,-0.17433739726027397,-0.45742,-0.01696,0.25788679452054797,365
Kota Bogor,2022,-0.3179214788732394,-0.57815,-0.0767,0.32305352112676056,142
Kota Cirebon,2021,-0.11079435616438356,-0.43147,0.06193,0.2193949589041096,365
Kota Cirebon,2022,-0.28717669014084507,-0.51109,-0.00804,0.286739014084507,142
Kota Gorontalo,2021,0.056839561643835614,-0.26787,0.34278,0.22008227397260272,365
Kota Gorontalo,2022,-0.0789824647887324,-0.38495,0.3075,0.253958661971831,142
Kota Jayapura,2021,-0.03604758904109589,-0.41346,0.1646,0.22502643835616437,365
Kota Jayapura,2022,-0.1814175352112676,-0.35226,0.02677,0.2752261267605634,142
Kota Kediri,2021,-0.11675449315068492,-0.50033,0.07226,0.20728493150684932,365
Kota Kediri,2022,-0.3084487323943662,-0.54515,-0.0116,0.27298950704225355,142
Kota Kupang,2021,-0.05280317808219178,-0.49851,0.13725,0.21548701369863013,365
Kota Kupang,2022,-0.18086147887323945,-0.39352,0.03415,0.2619247887323944,142
Kota Madiun,2021,-0.14628608219178083,-0.51429,0.01553,0.20925794520547944,365
Kota Madiun,2022,-0.3057326056338028,-0.54289,0.06481,0.26781781690140843,142
Kota Magelang,2021,-0.1407269315068493,-0.48688,0.08586,0.20436646575342465,365
Kota Magelang,2022,-0.32823697183098594,-0.57926,0.06245,0.2795501408450704,142
Kota Malang,2021,-0.16467183561643836,-0.49676,0.00133,0.2546898630136986,365
Kota Malang,2022,-0.31824732394366195,-0.5287,-0.03746,0.3181478169014085,142
Kota Medan,2021,-0.12693101369863014,-0.37884,0.01402,0.2242818904109589,365
Kota Medan,2022,-0.2869792253521127,-0.47809,-0.02678,0.2732297887323944,142
Kota Mojokerto,2021,-0.07527153424657534,-0.41094,0.13112,0.1986534794520548,365
Kota Mojokerto,2022,-0.25347521126760564,-0.54695,0.04203,0.260226338028169,142
Kota Pasuruan,2021,-0.08198493150684931,-0.4044,0.15343,0.21096115068493151,365
Kota Pasuruan,2022,-0.25257457746478873,-0.49997,0.07094,0.27962154929577465,142
Kota Pekalongan,2021,-0.11781536986301369,-0.42209,0.13457,0.20735153424657535,365
Kota Pekalongan,2022,-0.30494830985915494,-0.53958,0.19998,0.2801805633802817,142
Kota Pontianak,2021,-0.09610857534246575,-0.40689,0.11912,0.21891134246575344,365
Kota Pontianak,2022,-0.26140633802816904,-0.46968,0.03137,0.2711182394366197,142
Kota Probolinggo,2021,-0.10307027397260274,-0.42992,0.09307,0.20290082191780823,365
Kota Probolinggo,2022,-0.272665,-0.52954,-0.01712,0.26876654929577465,142
Kota Semarang,2021,-0.15531016438356163,-0.48987,-0.01516,0.19926468493150687,365
Kota Semarang,2022,-0.320687676056338,-0.55085,-0.05912,0.2526733802816902,142
Kota Serang,2021,-0.10312931506849315,-0.37463,0.03536,0.21609490410958904,365
Kota Serang,2022,-0.2706956338028169,-0.52219,-0.01383,0.2828938732394366,142
Kota Solok,2021,0.07324361643835617,-0.29727,0.40212,0.18085164383561644,365
Kota Solok,2022,-0.08128535211267605,-0.47823,0.51273,0.23784274647887327,142
Kota Sorong,2021,-0.00823027397260274,-0.36067,0.18716,0.25187531506849314,365
Kota Sorong,2022,-0.13845676056338027,-0.34613,0.10866,0.2862421126760563,142
Kota Sukabumi,2021,-0.06554317808219177,-0.38851,0.11485,0.24913512328767123,365
Kota Sukabumi,2022,-0.2343262676056338,-0.54926,0.08264,0.3103799295774648,142
Kota Tangerang,2021,-0.1923288493150685,-0.44876,-0.04468,0.24619602739726026,365
Kota Tangerang,2022,-0.3371582394366197,-0.54199,-0.10611,0.30309661971830987,142
Kota Tanjungbalai,2021,-0.04322967123287671,-0.3415,0.32863,0.2112110410958904,365
Kota Tanjungbalai,2022,-0.23525267605633804,-0.44971,0.12034,0.2778362676056338,142
Kota Tasikmalaya,2021,-0.08313413698630137,-0.45733,0.07217,0.23439780821917808,365
Kota Tasikmalaya,2022,-0.2519105633802817,-0.52881,0.04551,0.29559626760563384,142
Kota Tegal,2021,-0.1184475890410959,-0.51504,0.03146,0.20049446575342467,365
Kota Tegal,2022,-0.2836780281690141,-0.58692,-0.00659,0.263823661971831,142
Kota Yogyakarta,2021,-0.1698036712328767,-0.53103,0.12093,0.21800764383561644,365
Kota Yogyakarta,2022,-0.3062407042253521,-0.60124,0.2011,0.27816154929577463,142
Kotamobagu,2021,-0.008748246575342466,-0.29244,0.18974,0.20841550684931506,365
Kotamobagu,2022,-0.11234218309859154,-0.38919,0.14645,0.24649014084507045,142
Kotawaringin Barat,2021,-0.0518512602739726,-0.35041,0.05356,0.204954,365
Kotawaringin Barat,2022,-0.18832225352112675,-0.41013,0.047,0.25236943661971833,142
Kotawaringin Timur,2021,-0.05281169863013699,-0.34432,0.06766,0.21288457534246577,365
Kotawaringin Timur,2022,-0.20258577464788732,-0.36512,0.06188,0.2670555633802817,142
Kuantan Singingi,2021,0.020702383561643837,-0.25057,0.20979,0.2110034794520548,365
Kuantan Singingi,2022,-0.09343091549295775,-0.31013,0.29777,0.25547971830985916,142
Kubu Raya,2021,-0.10965265753424658,-0.42625,0.03531,0.21876219178082193,365
Kubu Raya,2022,-0.2930874647887324,-0.48682,-0.02497,0.27596718309859153,142
Kudus,2021,-0.12194539726027397,-0.42055,0.04308,0.17590898630136984,365
Kudus,2022,-0.3068978873239437,-0.56698,0.02647,0.2460599295774648,142
Kulon Progo,2021,-0.12767608219178084,-0.43175,0.06868,0.18584161643835614,365
Kulon Progo,2022,-0.29016211267605635,-0.49994,0.01927,0.2513031690140845,142
Kuningan,2021,-0.14868216438356166,-0.49489,0.03572,0.25595690410958905,365
Kuningan,2022,-0.2925078873239436,-0.57761,0.03709,0.3299464084507042,142
Kupang,2021,-0.04061785123966942,-0.44274,0.16218,0.22826617079889808,363
Kupang,2022,-0.1584867605633803,-0.37307,0.11917,0.26995077464788736,142
Kutai Barat,2021,-0.020138301369863013,-0.27567,0.14159,0.2422485205479452,365
Kutai Barat,2022,-0.15031739436619718,-0.30199,0.06241,0.294576338028169,142
Kutai Kartanegara,2021,-0.03587131506849315,-0.35153,0.13837,0.2365833698630137,365
Kutai Kartanegara,2022,-0.19710492957746478,-0.36476,0.13057,0.289495352112676,142
Kutai Timur,2021,-0.04277947945205479,-0.33014,0.07632,0.23590465753424655,365
Kutai Timur,2022,-0.1761024647887324,-0.37328,0.03576,0.2839693661971831,142
Labuhanbatu,2021,-0.020317863013698628,-0.36834,0.23256,0.2006244109589041,365
Labuhanbatu,2022,-0.1681962676056338,-0.39976,0.19354,0.24871035211267606,142
Labuhanbatu Selatan,2021,0.043108794520547944,-0.33466,0.41407,0.227023698630137,365
Labuhanbatu Selatan,2022,-0.07465211267605634,-0.31304,0.36574,0.2736621830985916,142
Labuhanbatu Utara,2021,-0.0158726301369863,-0.3014,0.52713,0.22668375342465755,365
Labuhanbatu Utara,2022,-0.13246598591549294,-0.38096,0.39729,0.2696781690140845,142
Lahat,2021,-0.04508235616438356,-0.31653,0.1018,0.22187586301369863,365
Lahat,2022,-0.1729804225352113,-0.34964,0.22047,0.2716412676056338,142
Lake Toba,2021,-0.0032924109589041106,-0.38696,0.6632,0.18994298630136985,365
Lake Toba,2022,-0.06376133802816901,-0.36606,0.81343,0.22432232394366197,142
Lamandau,2021,-0.055981013698630136,-0.5536,0.10627,0.21420000000000003,365
Lamandau,2022,-0.17227471830985916,-0.33894,0.02639,0.2630342253521127,142
Lamongan,2021,-0.08171479452054795,-0.4365,0.09226,0.22774435616438354,365
Lamongan,2022,-0.26400725352112675,-0.51956,0.0491,0.2973482394366197,142
Lampung Barat,2021,0.0015983561643835614,-0.22298,0.24362,0.250449698630137,365
Lampung Barat,2022,-0.12388697183098592,-0.351,0.37349,0.3170448591549296,142
Lampung Selatan,2021,-0.10411482191780823,-0.38056,0.0446,0.21032391780821919,365
Lampung Selatan,2022,-0.22967232394366197,-0.47047,0.07998,0.2651414084507042,142
Lampung Tengah,2021,-0.06536372602739726,-0.33278,0.18413,0.22732287671232876,365
Lampung Tengah,2022,-0.19848218309859156,-0.42999,0.12142,0.2830943661971831,142
Lampung Timur,2021,-0.08984731506849314,-0.34451,0.24981,0.23497216438356167,365
Lampung Timur,2022,-0.21941077464788733,-0.44626,0.22323,0.2888247183098591,142
Lampung Utara,2021,-0.09334912328767123,-0.3774,0.05327,0.24121219178082193,365
Lampung Utara,2022,-0.23208246478873237,-0.41739,0.06146,0.2953538732394366,142
Landak,2021,-0.019993506849315067,-0.58277,0.23668,0.2554565205479452,365
Landak,2022,-0.1694018309859155,-0.33012,0.28154,0.31518302816901406,142
Langkat,2021,-0.06244980821917808,-0.36682,0.16926,0.2321360821917808,365
Langkat,2022,-0.2358411267605634,-0.43431,0.12053,0.2906989436619718,142
Langsa,2021,-0.005083945205479452,-0.29351,0.26521,0.1800498904109589,365
Langsa,2022,-0.17055774647887326,-0.4658,0.24203,0.2492357042253521,142
Lebak,2021,-0.05746841095890411,-0.35077,0.20176,0.2585033424657534,365
Lebak,2022,-0.23302669014084507,-0.47947,0.16405,0.324635352112676,142
Lebong,2021,-0.030567890410958903,-0.25895,0.21726,0.23652997260273972,365
Lebong,2022,-0.1856105633802817,-0.40501,0.20316,0.3214927464788732,142
Lembata,2021,-0.05329550684931507,-0.32229,0.17519,0.2014230410958904,365
Lembata,2022,-0.21412957142857142,-0.39641,0.02812,0.26592971428571427,140
Lhokseumawe,2021,-0.04356939726027397,-0.35613,0.36356,0.18607389041095893,365
Lhokseumawe,2022,-0.1919419718309859,-0.51139,0.17596,0.2505306338028169,142
Lima Puluh Kota,2021,-0.06219501369863014,-0.34031,0.1203,0.2121860821917808,365
Lima Puluh Kota,2022,-0.18308211267605634,-0.46351,0.37134,0.2768653521126761,142
Lingga,2021,-0.10443443835616438,-0.35646,0.15386,0.23652221917808217,365
Lingga,2022,-0.18261049295774648,-0.33582,0.00997,0.2681580281690141,142
Lombok Barat,2021,-0.13327145205479451,-0.4625,-0.01016,0.20795589041095888,365
Lombok Barat,2022,-0.305290985915493,-0.5373,-0.07463,0.27188352112676056,142
Lombok Tengah,2021,-0.06687720547945206,-0.39638,0.12044,0.22558786301369863,365
Lombok Tengah,2022,-0.23603232394366197,-0.46671,0.06025,0.29192795774647884,142
Lombok Timur,2021,-0.024896438356164383,-0.35469,0.16558,0.2610564931506849,365
Lombok Timur,2022,-0.2143712676056338,-0.48085,0.03856,0.3371860563380282,142
Lombok Utara,2021,-0.10470498630136986,-0.3515,0.05485,0.25586027397260275,365
Lombok Utara,2022,-0.24308204225352115,-0.45911,0.04827,0.3138538028169014,142
Lubuklinggau,2021,-0.043653424657534246,-0.34794,0.09899,0.22291183561643835,365
Lubuklinggau,2022,-0.19614732394366197,-0.44946,0.11314,0.27816725352112676,142
Lumajang,2021,-0.0745386301369863,-0.44337,0.13239,0.24139915068493153,365
Lumajang,2022,-0.2762780281690141,-0.514,-0.00115,0.3236688732394366,142
Luwu,2021,-0.04781175342465754,-0.34149,0.15324,0.24677397260273973,365
Luwu,2022,-0.18958225352112676,-0.45552,0.07455,0.3011861267605634,142
Luwu Timur,2021,-0.006155972602739725,-0.30119,0.15619,0.22917128767123288,365
Luwu Timur,2022,-0.1240306338028169,-0.32856,0.15943,0.2748584507042253,142
Luwu Utara,2021,-0.0217166301369863,-0.35814,0.15893,0.2469710410958904,365
Luwu Utara,2022,-0.13476042253521126,-0.40144,0.1491,0.2957892957746479,142
Madiun,2021,-0.15035917808219176,-0.49088,-0.01065,0.2348406575342466,365
Madiun,2022,-0.3240461267605634,-0.55708,-0.00181,0.305570985915493,142
Magelang,2021,-0.1539134794520548,-0.46345,0.02498,0.2146841369863014,365
Magelang,2022,-0.33561880281690143,-0.59151,-0.03596,0.28441161971830986,142
Magetan,2021,-0.14856945205479452,-0.50195,0.03449,0.23270953424657534,365
Magetan,2022,-0.3260706338028169,-0.56117,0.00292,0.3050768309859155,142
Majalengka,2021,-0.05606454794520548,-0.39288,0.1566,0.24122926027397262,365
Majalengka,2022,-0.24069767605633804,-0.53815,0.13547,0.3124241549295775,142
Majene,2021,0.05670249315068493,-0.2726,0.32523,0.2514292876712329,365
Majene,2022,-0.08361943661971831,-0.42983,0.34397,0.2987306338028169,142
Makassar,2021,-0.1280727397260274,-0.43968,0.05417,0.22939271232876712,365
Makassar,2022,-0.279067323943662,-0.50049,-0.02644,0.28008711267605635,142
Malang,2021,-0.16346983561643835,-0.50675,0.025,0.2522523287671233,365
Malang,2022,-0.3521419014084507,-0.5514,-0.07385,0.33408584507042255,142
Malinau,2021,-0.09246386301369863,-0.34177,0.09165,0.2384433698630137,365
Malinau,2022,-0.2420166901408451,-0.38477,-0.0298,0.2967461971830986,142
Maluku Barat Daya,2021,0.1630388186813187,-0.15649,0.5914,0.19530186813186812,364
Maluku Barat Daya,2022,0.0719059375,-0.22226,0.34359,0.216673125,32
Maluku Tengah,2021,-0.004888219178082191,-0.32051,0.17989,0.2626464109589041,365
Maluku Tengah,2022,-0.08623295774647888,-0.27725,0.11434,0.294612676056338,142
Maluku Tenggara,2021,-0.010259698630136987,-0.3014,0.28842,0.2447238630136986,365
Maluku Tenggara,2022,-0.15173654929577463,-0.36469,0.11766,0.30188274647887325,142
Maluku Tenggara Barat,2021,0.11392049315068492,-0.23955,0.36952,0.16591649315068493,365
Maluku Tenggara Barat,2022,-0.007144014084507043,-0.17303,0.1952,0.201675,142
Mamasa,2021,-0.042553616438356166,-0.24787,0.19738,0.26396997260273974,365
Mamasa,2022,-0.1970456338028169,-0.36632,0.172,0.3328916901408451,142
Mamuju,2021,0.030043424657534245,-0.29936,0.30469,0.23439594520547943,365
Mamuju,2022,-0.13722394366197183,-0.38251,0.13948,0.2987985915492958,142
Mamuju Utara,2021,0.005124767123287671,-0.27553,0.20452,0.24797819178082192,365
Mamuju Utara,2022,-0.10412943661971831,-0.35967,0.21438,0.3064468309859155,142
Manado,2021,-0.06409739726027397,-0.3387,0.14453,0.2313591506849315,365
Manado,2022,-0.19674253521126758,-0.40562,0.05366,0.2576124647887324,142
Mandailing Natal,2021,0.021031068493150683,-0.21523,0.33694,0.2216454794520548,365
Mandailing Natal,2022,-0.09692274647887324,-0.3296,0.33331,0.26970830985915495,142
Manggarai,2021,0.009341616438356164,-0.33187,0.24053,0.21285353424657535,365
Manggarai,2022,-0.12474035211267605,-0.35695,0.11195,0.2675195774647887,142
Manggarai Barat,2021,-0.012199808219178083,-0.35974,0.34024,0.18340517808219178,365
Manggarai Barat,2022,-0.12656725352112674,-0.28118,0.09492,0.2237373943661972,142
Manggarai Timur,2021,-0.11479055072463767,-0.40929,0.48429,0.25804666666666665,345
Manggarai Timur,2022,-0.12084999999999999,-0.216,-0.02044,0.261576,5
Manokwari,2021,-0.0014175890410958907,-0.31362,0.20772,0.2181471780821918,365
Manokwari,2022,-0.13337183098591548,-0.31001,0.10626,0.2570880985915493,142
Mappi,2021,-0.06751900602409638,-0.55317,0.20576,0.27946048192771084,332
Maros,2021,-0.08175805479452054,-0.38788,0.16178,0.1968166301369863,365
Maros,2022,-0.2501772535211268,-0.43677,0.04556,0.25691859154929575,142
Mataram,2021,-0.11107643835616439,-0.41468,0.05674,0.20746243835616437,365
Mataram,2022,-0.2617650704225352,-0.47423,-0.00993,0.2639888028169014,142
Melawi,2021,-0.042142712328767123,-0.30973,0.18392,0.23740668493150685,365
Melawi,2022,-0.16981767605633802,-0.30818,0.23387,0.287282676056338,142
Merangin,2021,-0.027830082191780823,-0.27743,0.15379,0.21505128767123285,365
Merangin,2022,-0.15038654929577466,-0.36033,0.13882,0.26773373239436615,142
Merauke,2021,-0.027377095890410957,-0.33141,0.2025,0.23372983561643837,365
Merauke,2022,-0.1265788028169014,-0.3349,0.12155,0.2760274647887324,142
Mesuji,2021,0.026364465753424656,-0.32479,0.23861,0.23265471232876714,365
Mesuji,2022,-0.12150387323943662,-0.32586,0.2864,0.28627676056338025,142
Metro,2021,-0.13707117808219177,-0.43319,0.06424,0.18182298630136987,365
Metro,2022,-0.29847598591549296,-0.53621,0.05107,0.24411521126760566,142
Mimika,2021,-0.04828213698630136,-0.39106,0.1581,0.22929208219178082,365
Mimika,2022,-0.1677643661971831,-0.29991,0.03181,0.2694111267605634,142
Minahasa,2021,-0.06342013698630138,-0.38624,0.22144,0.26193183561643835,365
Minahasa,2022,-0.18681725352112677,-0.46663,0.07511,0.2931028873239437,142
Minahasa Selatan,2021,-0.016151342465753424,-0.2887,0.26368,0.2627443561643836,365
Minahasa Selatan,2022,-0.14046577464788731,-0.3966,0.16466,0.30131823943661973,142
Minahasa Tenggara,2021,-0.008172520547945206,-0.33825,0.37029,0.2540012054794521,365
Minahasa Tenggara,2022,-0.10994971830985915,-0.39669,0.21508,0.29378732394366197,142
Minahasa Utara,2021,-0.06618109589041095,-0.38122,0.13662,0.23776802739726027,365
Minahasa Utara,2022,-0.20472091549295776,-0.4464,0.076,0.2673499295774648,142
Mojokerto,2021,-0.11181090410958905,-0.45366,0.02378,0.19649021917808218,365
Mojokerto,2022,-0.326783661971831,-0.56271,-0.04711,0.26974584507042254,142
Morowali,2021,0.0809242191780822,-0.20992,0.2542,0.160721698630137,365
Morowali,2022,-0.029309929577464793,-0.17054,0.25917,0.20890915492957746,142
Muara Enim,2021,-0.06798975342465753,-0.33807,0.0618,0.21576350684931508,365
Muara Enim,2022,-0.192486338028169,-0.38876,0.11727,0.2690473943661972,142
Muaro Jambi,2021,-0.03458186301369863,-0.34588,0.10377,0.20608761643835616,365
Muaro Jambi,2022,-0.17480802816901408,-0.40893,0.07991,0.24874640845070423,142
Mukomuko,2021,0.021811753424657535,-0.24464,0.25341,0.21631742465753426,365
Mukomuko,2022,-0.16510788732394366,-0.42108,0.41689,0.28474654929577464,142
Muna,2021,-0.013413369863013698,-0.27354,0.13817,0.2223598904109589,365
Muna,2022,-0.12065338028169015,-0.3035,0.07794,0.26791514084507045,142
Murung Raya,2021,-0.11944605479452056,-0.37184,0.02731,0.254322,365
Murung Raya,2022,-0.27347647887323945,-0.39554,-0.02261,0.3055716197183099,142
Musi Banyuasin,2021,0.031050931506849316,-0.26229,0.38882,0.23343794520547945,365
Musi Banyuasin,2022,-0.08069654929577465,-0.27849,0.29328,0.2817567605633803,142
Musi Rawas,2021,-0.030960246575342465,-0.28224,0.19846,0.25564701369863013,365
Musi Rawas,2022,-0.13628091549295776,-0.36716,0.30922,0.29705809859154925,142
Nabire,2021,-0.018336794520547945,-0.34966,0.19242,0.18712594520547948,365
Nabire,2022,-0.1289776056338028,-0.35091,0.12962,0.24932154929577466,142
Nagan Raya,2021,0.024401041095890412,-0.24455,0.55455,0.19587216438356164,365
Nagan Raya,2022,-0.09666401408450705,-0.40792,0.39155,0.2516161267605634,142
Nagekeo,2021,-0.08187906077348066,-0.33982,0.2036,0.223657817679558,362
Nagekeo,2022,-0.04334047619047619,-0.26142,0.12329,0.2139004761904762,21
Natuna,2021,-0.05916912328767124,-0.28111,0.07762,0.18091356164383562,365
Natuna,2022,-0.15717401408450704,-0.34845,0.11384,0.23060387323943662,142
Ngada,2021,-0.004582575342465754,-0.42038,0.25327,0.2310370410958904,365
Ngada,2022,-0.12857226950354608,-0.32415,0.15048,0.2865848936170213,141
Nganjuk,2021,-0.0857601095890411,-0.48021,0.1212,0.2331112876712329,365
Nganjuk,2022,-0.30155838028169013,-0.54009,0.03129,0.317642323943662,142
Ngawi,2021,-0.14265271232876714,-0.48837,0.01439,0.23959723287671233,365
Ngawi,2022,-0.3163230985915493,-0.55419,-0.024,0.3172230281690141,142
Nias,2021,0.05064553424657534,-0.35278,0.31406,0.23182265753424655,365
Nias,2022,0.11851333333333332,-0.11811,0.36356,0.21540708333333333,24
Nias Barat,2021,-0.0032703041825095053,-0.29997,0.31198,0.25763946768060836,263
Nias Selatan,2021,-0.026423424657534247,-0.26288,0.13748,0.2444099178082192,365
Nias Selatan,2022,-0.1466399295774648,-0.3172,0.14917,0.2916645070422535,142
Nias Utara,2021,-0.04014370473537605,-0.38775,0.2394,0.2749377994428969,359
Nias Utara,2022,-0.011597142857142856,-0.17365,0.25277,0.2656104761904762,21
Nunukan,2021,-0.0699023287671233,-0.29225,0.13541,0.24796846575342466,365
Nunukan,2022,-0.2038430985915493,-0.36222,0.03932,0.30134746478873237,142
Ogan Ilir,2021,-0.08969923287671233,-0.3601,0.0897,0.22224,365
Ogan Ilir,2022,-0.20680704225352115,-0.42256,0.1277,0.26837133802816904,142
Ogan Komering Ilir,2021,-0.007948657534246575,-0.30058,0.14258,0.2399847123287671,365
Ogan Komering Ilir,2022,-0.11148739436619719,-0.36589,0.18069,0.28853654929577466,142
Ogan Komering Ulu,2021,-0.0776534794520548,-0.33947,0.02391,0.2325184109589041,365
Ogan Komering Ulu,2022,-0.21665239436619718,-0.39291,0.09607,0.2943514788732394,142
Ogan Komering Ulu Selatan,2021,-0.049999561643835615,-0.27059,0.22525,0.2665447671232877,365
Ogan Komering Ulu Selatan,2022,-0.17550612676056337,-0.44543,0.36993,0.3240566901408451,142
Ogan Komering Ulu Timur,2021,-0.01858164383561644,-0.26776,0.21893,0.23635471232876712,365
Ogan Komering Ulu Timur,2022,-0.15600394366197184,-0.32903,0.32346,0.2946000704225352,142
Pacitan,2021,-0.1333210684931507,-0.44507,0.05909,0.23975531506849315,365
Pacitan,2022,-0.2628595774647887,-0.51221,0.16945,0.30650964788732393,142
Padang,2021,-0.09282690410958903,-0.35707,0.06233,0.2128186301369863,365
Padang,2022,-0.2518585211267606,-0.51812,0.07635,0.2710066901408451,142
Padang Lawas,2021,0.01542854794520548,-0.22666,0.35319,0.22349246575342463,365
Padang Lawas,2022,-0.0901849295774648,-0.38348,0.33452,0.26790528169014083,142
Padang Lawas Utara,2021,0.021660712328767123,-0.21673,0.30541,0.21729646575342465,365
Padang Lawas Utara,2022,-0.08924485915492958,-0.3021,0.49412,0.2661310563380282,142
Padang Panjang,2021,0.027488164383561643,-0.26424,0.30052,0.17236830136986303,365
Padang Panjang,2022,-0.12243246478873239,-0.42258,0.73237,0.24240971830985913,142
Padang Pariaman,2021,-0.03085904109589041,-0.31242,0.22584,0.18521649315068495,365
Padang Pariaman,2022,-0.15796232394366197,-0.4041,0.2546,0.24618281690140845,142
Padangsidimpuan,2021,-0.022674657534246575,-0.32381,0.31506,0.20174194520547947,365
Padangsidimpuan,2022,-0.16108711267605633,-0.4646,0.25525,0.25456204225352114,142
Pagar Alam,2021,-0.008815589041095891,-0.30519,0.4326,0.24083016438356164,365
Pagar Alam,2022,-0.1857733098591549,-0.43978,0.52565,0.3184467605633803,142
Pakpak Barat,2021,-0.08418849162011173,-0.36893,0.39283,0.23027536312849162,358
Pakpak Barat,2022,0.07409466666666666,-0.20269,0.46912,0.18016933333333332,15
Palangka Raya,2021,-0.06393279452054795,-0.38513,0.08489,0.21260079452054795,365
Palangka Raya,2022,-0.22210725352112676,-0.37022,0.09555,0.2647475352112676,142
Palembang,2021,-0.10554734246575342,-0.39832,0.02706,0.2426658904109589,365
Palembang,2022,-0.27802887323943665,-0.50257,0.00409,0.30741267605633804,142
Palopo,2021,-0.05143257534246575,-0.38472,0.12144,0.22196641095890413,365
Palopo,2022,-0.21888838028169014,-0.44232,0.05829,0.27578478873239437,142
Palu,2021,-0.04855169863013699,-0.38312,0.11466,0.22817024657534246,365
Palu,2022,-0.21853176056338028,-0.42849,0.13698,0.27412816901408454,142
Pamekasan,2021,-0.06419254794520547,-0.36709,0.11073,0.17911345205479454,365
Pamekasan,2022,-0.20850669014084505,-0.443,-0.02424,0.2426862676056338,142
Pandeglang,2021,-0.04701904109589041,-0.35617,0.28259,0.27053671232876714,365
Pandeglang,2022,-0.21874809859154928,-0.52078,0.17733,0.3403340845070423,142
Pangkajene Dan Kepulauan,2021,0.10597860273972602,-0.23967,0.3358,0.19293400000000002,365
Pangkajene Dan Kepulauan,2022,-0.057279788732394366,-0.3355,0.19427,0.24993147887323947,142
Pangkalpinang,2021,-0.1058154794520548,-0.40708,0.04509,0.18929043835616438,365
Pangkalpinang,2022,-0.2678989436619718,-0.47237,0.02289,0.2545711971830986,142
Paniai,2021,-0.009489999999999998,-0.11204,0.09306,0.353335,2
Parepare,2021,-0.07075106849315069,-0.40703,0.09147,0.22418734246575342,365
Parepare,2022,-0.22890647887323942,-0.47538,0.01014,0.27224288732394364,142
Pariaman,2021,0.026287178082191782,-0.24498,0.3006,0.15197120547945206,365
Pariaman,2022,-0.14126795774647888,-0.43164,0.36116,0.22102204225352112,142
Parigi Moutong,2021,0.09049843835616439,-0.29253,0.31599,0.2342909315068493,365
Parigi Moutong,2022,-0.0475762676056338,-0.30066,0.32643,0.28902169014084506,142
Pasaman,2021,0.06417512328767123,-0.20242,0.3604,0.2278961095890411,365
Pasaman,2022,-0.07959359154929577,-0.32741,0.4876,0.2979088028169014,142
Pasaman Barat,2021,0.026231945205479452,-0.18215,0.21252,0.2056370410958904,365
Pasaman Barat,2022,-0.09977838028169014,-0.30216,0.2133,0.25689908450704224,142
Paser,2021,-0.020070301369863014,-0.34297,0.11102,0.23172668493150686,365
Paser,2022,-0.18951464788732394,-0.39232,0.10838,0.28766330985915495,142
Pasuruan,2021,-0.08384898630136986,-0.41696,0.11844,0.21269726027397262,365
Pasuruan,2022,-0.2807319014084507,-0.53745,0.00934,0.28663014084507044,142
Pati,2021,-0.1169484109589041,-0.4221,0.05711,0.23818690410958904,365
Pati,2022,-0.3169668309859155,-0.53708,-0.00067,0.31567845070422534,142
Payakumbuh,2021,-0.0543706301369863,-0.34749,0.09062,0.1811424109589041,365
Payakumbuh,2022,-0.237742676056338,-0.47609,0.10527,0.26064338028169015,142
Pekalongan,2021,-0.08280432876712328,-0.40196,0.26121,0.22664583561643836,365
Pekalongan,2022,-0.2547732394366197,-0.50656,0.22638,0.2910771126760563,142
Pekanbaru,2021,-0.1082367397260274,-0.39248,0.03139,0.21366520547945209,365
Pekanbaru,2022,-0.26180485915492957,-0.47772,0.05179,0.26878852112676055,142
Pelalawan,2021,-0.01981895890410959,-0.26357,0.15655,0.2034110684931507,365
Pelalawan,2022,-0.11697408450704226,-0.32874,0.16739,0.2426151408450704,142
Pemalang,2021,-0.059164493150684935,-0.45062,0.14871,0.26104024657534247,365
Pemalang,2022,-0.2336405633802817,-0.48209,0.12431,0.3252590845070423,142
Pematangsiantar,2021,-0.10350079452054796,-0.41648,0.10892,0.2218161095890411,365
Pematangsiantar,2022,-0.2497844366197183,-0.42962,0.16579,0.26711852112676054,142
Penajam Paser Utara,2021,-0.0713032602739726,-0.40758,0.14321,0.24722169863013696,365
Penajam Paser Utara,2022,-0.21961204225352113,-0.44364,0.07905,0.2942767605633803,142
Pesawaran,2021,-0.0954503287671233,-0.38466,0.04726,0.2372336712328767,365
Pesawaran,2022,-0.25201295774647886,-0.49355,0.09661,0.2969862676056338,142
Pesisir Selatan,2021,0.0641148493150685,-0.20513,0.38244,0.21301687671232877,365
Pesisir Selatan,2022,-0.07501183098591549,-0.29697,0.58238,0.2723637323943662,142
Pidie,2021,-0.026224109589041096,-0.2615,0.42287,0.18145284931506847,365
Pidie,2022,-0.12999457746478874,-0.41337,0.32814,0.22880415492957745,142
Pidie Jaya,2021,-0.030535863013698632,-0.29093,0.48498,0.17318205479452053,365
Pidie Jaya,2022,-0.13624450704225352,-0.39828,0.38455,0.2249182394366197,142
Pinrang,2021,-0.000618,-0.33212,0.18968,0.2583177534246575,365
Pinrang,2022,-0.17973338028169014,-0.43148,0.1035,0.32528549295774645,142
Pohuwato,2021,0.17758493150684931,-0.23865,0.42108,0.2206543287671233,365
Pohuwato,2022,0.043529014084507045,-0.20515,0.41803,0.26187640845070426,142
Polewali Mandar,2021,0.038545780821917806,-0.28501,0.21629,0.24715934246575344,365
Polewali Mandar,2022,-0.1441007042253521,-0.45441,0.14809,0.30485133802816905,142
Ponorogo,2021,-0.11691835616438355,-0.46257,0.12097,0.24999134246575344,365
Ponorogo,2022,-0.2991695774647887,-0.55734,0.14077,0.3312054929577465,142
Pontianak,2021,-0.013345369863013698,-0.3307,0.28801,0.24437942465753426,365
Pontianak,2022,-0.1946394366197183,-0.41692,0.1555,0.2952507746478873,142
Poso,2021,0.009296356164383561,-0.37421,0.24766,0.2370205479452055,365
Poso,2022,-0.1228330985915493,-0.32647,0.17642,0.2819788028169014,142
Prabumulih,2021,-0.0858638904109589,-0.36727,0.0469,0.20961591780821917,365
Prabumulih,2022,-0.2241694366197183,-0.44215,0.1101,0.2620476056338028,142
Pringsewu,2021,-0.10402035616438356,-0.35651,0.09131,0.21944383561643835,365
Pringsewu,2022,-0.27352105633802815,-0.51091,0.08768,0.28780408450704226,142
Probolinggo,2021,-0.09064468493150685,-0.41613,0.1102,0.22224416438356162,365
Probolinggo,2022,-0.23901485915492957,-0.50129,0.02663,0.2819504225352113,142
Pulang Pisau,2021,-0.04214931506849315,-0.36129,0.18745,0.2522079726027397,365
Pulang Pisau,2022,-0.15400105633802816,-0.33008,0.05107,0.30054802816901405,142
Pulau Morotai,2021,-0.01616531506849315,-0.28589,0.37579,0.2298812602739726,365
Pulau Morotai,2022,-0.05264610169491525,-0.33067,0.21111,0.2643737288135593,118
Purbalingga,2021,-0.138042301369863,-0.46334,0.0448,0.2337229589041096,365
Purbalingga,2022,-0.29773070422535214,-0.51582,-0.00354,0.30300767605633805,142
Purwakarta,2021,-0.07268063013698631,-0.36036,0.10058,0.2154354520547945,365
Purwakarta,2022,-0.22338105633802816,-0.51091,0.08543,0.2728442957746479,142
Purworejo,2021,-0.1618653698630137,-0.48379,0.0674,0.2336675616438356,365
Purworejo,2022,-0.31139901408450704,-0.54582,0.14495,0.3086754225352113,142
Raja Ampat,2021,-0.03788191780821918,-0.29653,0.22359,0.2325237808219178,365
Raja Ampat,2022,-0.12149605633802817,-0.35522,0.19402,0.2638449295774648,142
Rejang Lebong,2021,-0.05969594520547945,-0.33809,0.18556,0.24501172602739726,365
Rejang Lebong,2022,-0.22873809859154928,-0.48362,0.18955,0.3189576056338028,142
Rembang,2021,-0.05933221917808219,-0.41104,0.12026,0.2263975068493151,365
Rembang,2022,-0.2523327464788732,-0.51462,0.01923,0.2866885211267606,142
Rokan Hilir,2021,0.06766367123287671,-0.27094,0.30778,0.23276873972602738,365
Rokan Hilir,2022,-0.056381971830985915,-0.27979,0.35893,0.28129253521126757,142
Rokan Hulu,2021,0.014621671232876714,-0.24659,0.23591,0.22282586301369864,365
Rokan Hulu,2022,-0.12038352112676057,-0.33449,0.37939,0.26905514084507043,142
Rote Ndao,2021,-0.05425303867403315,-0.36957,0.13424,0.21070198895027623,362
Rote Ndao,2022,-0.15892558333333331,-0.3429,0.00032,0.24437266666666665,120
Sabang,2021,-0.0767592602739726,-0.36146,0.28472,0.16982071232876714,365
Sabang,2022,-0.1474838028169014,-0.5167,0.53153,0.220776338028169,142
Sabu Raijua,2021,-0.0395740977443609,-0.32131,0.29482,0.21560834586466165,266
Salatiga,2021,-0.1399823287671233,-0.49724,0.02635,0.19223750684931507,365
Salatiga,2022,-0.32846521126760564,-0.54794,-0.03156,0.2619057042253521,142
Samarinda,2021,-0.08518539726027397,-0.44878,0.05831,0.24123224657534245,365
Samarinda,2022,-0.24821352112676054,-0.4565,0.0701,0.2897217605633803,142
Sambas,2021,-0.00494,-0.2926,0.38009,0.25851002739726026,365
Sambas,2022,-0.176725,-0.41823,0.38091,0.31124091549295774,142
Samosir,2021,-0.04041487671232877,-0.39095,0.70936,0.21960783561643835,365
Samosir,2022,-0.11634049295774648,-0.3878,0.88641,0.25304098591549296,142
Sampang,2021,-0.01153082191780822,-0.29801,0.2522,0.2120073424657534,365
Sampang,2022,-0.127136338028169,-0.4026,0.10683,0.2584019014084507,142
Sanggau,2021,-0.02998739726027397,-0.29053,0.21028,0.24678594520547945,365
Sanggau,2022,-0.16112359154929579,-0.33472,0.14175,0.3049049295774648,142
Sarmi,2021,0.024660640243902437,-0.2597,0.4091,0.2759923475609756,328
Sarmi,2022,-0.1183016504854369,-0.34317,0.17272,0.3205645631067961,103
Sarolangun,2021,0.017845890410958905,-0.28268,0.17105,0.20391073972602738,365
Sarolangun,2022,-0.12751014084507042,-0.37186,0.16475,0.25654,142
Sawahlunto,2021,-0.04029265753424657,-0.28156,0.23277,0.19565405479452055,365
Sawahlunto,2022,-0.18767690140845072,-0.52562,0.29879,0.27106429577464786,142
Sekadau,2021,-0.02355205479452055,-0.3264,0.21551,0.23981904109589042,365
Sekadau,2022,-0.18670542253521127,-0.36889,0.1622,0.30170267605633805,142
Seluma,2021,-0.0014117808219178084,-0.38563,0.21018,0.23885802739726028,365
Seluma,2022,-0.14775985915492956,-0.33803,0.28427,0.2930541549295774,142
Semarang,2021,-0.08245923287671232,-0.44699,0.09927,0.1954161369863014,365
Semarang,2022,-0.2816980985915493,-0.53357,0.01944,0.2649888732394366,142
Seram Bagian Barat,2021,0.038962328767123286,-0.30774,0.38326,0.2441055890410959,365
Seram Bagian Barat,2022,-0.06447669014084507,-0.27656,0.18004,0.28321746478873244,142
Seram Bagian Timur,2021,0.08137487671232876,-0.26293,0.37533,0.20678654794520548,365
Seram Bagian Timur,2022,-0.07989345132743363,-0.35666,0.29143,0.24485141592920354,113
Serang,2021,-0.06388893150684931,-0.35295,0.13855,0.2054812328767123,365
Serang,2022,-0.25226535211267603,-0.5073,0.05288,0.2738533098591549,142
Serdang Bedagai,2021,-0.044347287671232874,-0.34437,0.1756,0.21163419178082193,365
Serdang Bedagai,2022,-0.19935084507042253,-0.39936,0.16041,0.2559142253521127,142
Seruyan,2021,-0.06502334246575342,-0.35029,0.18091,0.24274723287671232,365
Seruyan,2022,-0.21561774647887322,-0.4262,0.06054,0.30584464788732396,142
Siak,2021,-0.07654208219178082,-0.33122,0.09764,0.19889915068493152,365
Siak,2022,-0.20186612676056337,-0.37935,0.08761,0.24911999999999998,142
Siau Tagulandang Biaro,2021,-0.0022466575342465762,-0.35374,0.48277,0.2595806575342466,365
Siau Tagulandang Biaro,2022,-0.04961149532710281,-0.25504,0.42999,0.28708859813084114,107
Sibolga,2021,-0.07331315068493151,-0.37636,0.43242,0.21039397260273973,365
Sibolga,2022,-0.2131073943661972,-0.42658,0.27312,0.26662366197183096,142
Sidenreng Rappang,2021,0.01496745205479452,-0.32461,0.19391,0.2328867123287671,365
Sidenreng Rappang,2022,-0.14824450704225353,-0.47936,0.21973,0.2915238732394366,142
Sidoarjo,2021,-0.15431830136986302,-0.47131,0.00284,0.20476536986301372,365
Sidoarjo,2022,-0.3265307042253521,-0.55494,-0.09239,0.2667050704225352,142
Sigi,2021,-0.00817504109589041,-0.38158,0.23458,0.22657153424657533,365
Sigi,2022,-0.19169232394366198,-0.38423,0.12567,0.27361485915492956,142
Sijunjung,2021,0.0724814794520548,-0.19216,0.36695,0.20139367123287671,365
Sijunjung,2022,-0.08015323943661971,-0.34809,0.44322,0.26742830985915494,142
Sikka,2021,0.023660356164383563,-0.28302,0.22225,0.20240523287671233,365
Sikka,2022,-0.10353492957746478,-0.27225,0.09606,0.23616056338028166,142
Simalungun,2021,-0.05753821917808219,-0.36199,0.30431,0.23285191780821918,365
Simalungun,2022,-0.19780408450704226,-0.4101,0.32219,0.27337070422535215,142
Simeulue,2021,-0.044680657534246576,-0.30278,0.2012,0.20743613698630137,365
Simeulue,2022,-0.1751373722627737,-0.4079,0.13872,0.24708985401459851,137
Singkawang,2021,-0.07455197260273973,-0.39542,0.21425,0.2305284383561644,365
Singkawang,2022,-0.2387475352112676,-0.40789,0.17673,0.2714583098591549,142
Sinjai,2021,-0.049786547945205484,-0.34941,0.26203,0.20365342465753425,365
Sinjai,2022,-0.18720288732394366,-0.41575,0.17486,0.26034295774647886,142
Sintang,2021,-0.0694749589041096,-0.4266,0.14825,0.24622657534246573,365
Sintang,2022,-0.20768133802816902,-0.37191,0.10648,0.29570971830985915,142
Situbondo,2021,-0.08075493150684931,-0.43531,0.12206,0.22112093150684933,365
Situbondo,2022,-0.24828126760563382,-0.44908,0.04033,0.29420753521126763,142
Sleman,2021,-0.16260775342465753,-0.48382,0.00255,0.2060777808219178,365
Sleman,2022,-0.30689767605633805,-0.55127,-0.00646,0.26118063380281686,142
Solok,2021,-0.04610600000000001,-0.2975,0.18029,0.22101624657534247,365
Solok,2022,-0.196642323943662,-0.41431,0.34013,0.2925480281690141,142
Solok Selatan,2021,0.04086882191780822,-0.19401,0.22722,0.21371249315068494,365
Solok Selatan,2022,-0.11493915492957746,-0.3386,0.32435,0.28564535211267605,142
Soppeng,2021,-0.06049687671232877,-0.3782,0.12866,0.22692054794520547,365
Soppeng,2022,-0.1815392957746479,-0.42989,0.12359,0.272741338028169,142
Sorong,2021,0.033807972602739725,-0.38397,0.24388,0.24595476712328765,365
Sorong,2022,-0.12396922535211267,-0.34726,0.119,0.29808323943661974,142
Sorong Selatan,2021,-0.026492575342465755,-0.26123,0.17593,0.2624928493150685,365
Sorong Selatan,2022,-0.14881419847328245,-0.39287,0.16975,0.3225403816793893,131
Sragen,2021,-0.08901035616438356,-0.43869,0.06916,0.2014727397260274,365
Sragen,2022,-0.2747061971830986,-0.52276,0.03001,0.2711388732394366,142
Subang,2021,-0.03842049315068493,-0.37502,0.30298,0.2256649589041096,365
Subang,2022,-0.22180823943661973,-0.51177,0.18988,0.29232478873239437,142
Subulussalam,2021,0.037443972602739725,-0.28261,0.29367,0.18050339726027398,365
Subulussalam,2022,-0.06746028169014084,-0.3662,0.54472,0.2326338028169014,142
Sukabumi,2021,-0.1315048493150685,-0.39963,0.11658,0.25589435616438355,365
Sukabumi,2022,-0.26707464788732393,-0.5314,0.10863,0.3193989436619718,142
Sukamara,2021,-0.08619805479452054,-0.35913,0.07488,0.2099974520547945,365
Sukamara,2022,-0.19229781690140846,-0.35412,0.06211,0.26022105633802817,142
Sukoharjo,2021,-0.1421353698630137,-0.45558,0.0238,0.176056301369863,365
Sukoharjo,2022,-0.3095517605633803,-0.56119,-0.0285,0.23444521126760565,142
Sumba Barat,2021,0.011035068493150686,-0.29653,0.22523,0.18697128767123286,365
Sumba Barat,2022,-0.14513669014084507,-0.32529,0.09679,0.243717676056338,142
Sumba Barat Daya,2021,0.06620953424657534,-0.20422,0.34772,0.20564572602739725,365
Sumba Barat Daya,2022,-0.033584083333333334,-0.27549,0.26521,0.24798358333333334,120
Sumba Tengah,2021,0.0223,-0.04151,0.14625,0.21015,8
Sumba Timur,2021,-0.005013835616438356,-0.34345,0.17653,0.19279109589041096,365
Sumba Timur,2022,-0.12150556338028168,-0.25573,0.16105,0.23245309859154928,142
Sumbawa,2021,-0.005294849315068494,-0.31589,0.15066,0.22478841095890412,365
Sumbawa,2022,-0.16306802816901408,-0.35198,0.06255,0.27991957746478874,142
Sumbawa Barat,2021,-0.025000054794520547,-0.301,0.15783,0.19647350684931505,365
Sumbawa Barat,2022,-0.1534868309859155,-0.34466,0.0659,0.23616176056338029,142
Sumedang,2021,-0.12312347945205479,-0.4298,0.08344,0.24437613698630137,365
Sumedang,2022,-0.2796830281690141,-0.56582,0.02703,0.30592204225352115,142
Sumenep,2021,-0.03577,-0.32102,0.12359,0.20327032876712328,365
Sumenep,2022,-0.16898894366197184,-0.40457,0.10042,0.26747711267605634,142
Sungai Penuh,2021,0.03199476712328767,-0.22133,0.3329,0.23069895890410957,365
Sungai Penuh,2022,-0.14898415492957748,-0.3781,0.37853,0.29532542253521127,142
Surabaya,2021,-0.1956453698630137,-0.48816,-0.02589,0.22739013698630137,365
Surabaya,2022,-0.33935274647887326,-0.54016,-0.1202,0.2761870422535211,142
Surakarta,2021,-0.18834457534246574,-0.49782,-0.0069,0.1874694520547945,365
Surakarta,2022,-0.3522158450704226,-0.582,-0.04959,0.2472131690140845,142
Tabalong,2021,-0.12558079452054793,-0.44802,0.00577,0.20891687671232878,365
Tabalong,2022,-0.2740412676056338,-0.4011,-0.0145,0.26638415492957745,142
Tabanan,2021,-0.20997016438356164,-0.78716,-0.09058,0.1957686575342466,365
Tabanan,2022,-0.3920765492957746,-0.81348,-0.12129,0.2594938732394366,142
Takalar,2021,-0.02557027397260274,-0.29254,0.21506,0.19248364383561642,365
Takalar,2022,-0.1684319014084507,-0.37038,0.13066,0.24196936619718312,142
Tana Tidung,2021,0.037999424657534246,-0.20324,0.46512,0.26327158904109593,365
Tana Tidung,2022,-0.11419117647058823,-0.3085,0.262,0.3189997794117647,136
Tana Toraja,2021,0.0066693424657534245,-0.32949,0.25009,0.23839260273972604,365
Tana Toraja,2022,-0.1481338732394366,-0.35262,0.41726,0.3092632394366197,142
Tanah Bumbu,2021,-0.019306219178082194,-0.33742,0.10449,0.19747536986301367,365
Tanah Bumbu,2022,-0.17426528169014086,-0.38662,0.10331,0.25244619718309863,142
Tanah Datar,2021,-0.007999890410958905,-0.29121,0.17439,0.20432416438356166,365
Tanah Datar,2022,-0.13036338028169014,-0.4009,0.46057,0.26245605633802815,142
Tanah Laut,2021,-0.035108,-0.33646,0.10984,0.2031876712328767,365
Tanah Laut,2022,-0.19896971830985916,-0.4688,0.07468,0.2600793661971831,142
Tangerang,2021,-0.13539471232876713,-0.41542,0.01633,0.22913569863013697,365
Tangerang,2022,-0.29328288732394364,-0.51378,-0.02862,0.2853207746478873,142
Tangerang Selatan,2021,-0.2176435616438356,-0.48559,-0.01715,0.26561060273972603,365
Tangerang Selatan,2022,-0.3317242957746479,-0.54583,-0.07917,0.31011584507042256,142
Tanggamus,2021,-0.05446405479452055,-0.30031,0.18705,0.2578539178082192,365
Tanggamus,2022,-0.2086282394366197,-0.47897,0.18521,0.3273224647887324,142
Tanjung Jabung B,2021,-0.003166164383561644,-0.29916,0.20847,0.21727106849315067,365
Tanjung Jabung B,2022,-0.11388119718309861,-0.36828,0.21548,0.2667645774647887,142
Tanjung Jabung T,2021,-0.08382945205479453,-0.3628,0.07118,0.25815410958904106,365
Tanjung Jabung T,2022,-0.19067640845070422,-0.39531,0.02354,0.3139461267605634,142
Tanjungpinang,2021,-0.1371207397260274,-0.43569,0.00321,0.2068445205479452,365
Tanjungpinang,2022,-0.2865337323943662,-0.43903,-0.01071,0.2605543661971831,142
Tapanuli Selatan,2021,0.026612465753424658,-0.21405,0.50573,0.2437474794520548,365
Tapanuli Selatan,2022,-0.059243380281690135,-0.29011,0.53025,0.27975281690140846,142
Tapanuli Tengah,2021,-0.015249890410958904,-0.2973,0.36981,0.2144190410958904,365
Tapanuli Tengah,2022,-0.1472849295774648,-0.37059,0.24262,0.2571317605633803,142
Tapanuli Utara,2021,-0.03994605479452055,-0.29369,0.55043,0.20927175342465754,365
Tapanuli Utara,2022,-0.12496950704225353,-0.3149,0.55051,0.2507910563380282,142
Tapin,2021,-0.09765391780821919,-0.39689,0.02352,0.18599205479452055,365
Tapin,2022,-0.2588233098591549,-0.44848,-0.02815,0.25222894366197185,142
Tarakan,2021,-0.0511687397260274,-0.35378,0.15704,0.25954079452054796,365
Tarakan,2022,-0.18916218309859154,-0.36577,0.15425,0.3043071830985915,142
Tasikmalaya,2021,-0.07269769863013699,-0.39701,0.22261,0.27254101369863015,365
Tasikmalaya,2022,-0.20366971830985914,-0.48716,0.21543,0.331838661971831,142
Tebingtinggi,2021,-0.07045495890410959,-0.3752,0.17889,0.19680290410958906,365
Tebingtinggi,2022,-0.24791542253521126,-0.46436,0.128,0.2473255633802817,142
Tebo,2021,-0.010263397260273973,-0.28854,0.17832,0.21031156164383563,365
Tebo,2022,-0.13293478873239437,-0.39312,0.23195,0.2658033802816901,142
Tegal,2021,-0.12295180821917807,-0.44267,0.08592,0.22860460273972602,365
Tegal,2022,-0.27254964788732394,-0.53657,0.03962,0.28770169014084507,142
Teluk Bintuni,2021,-0.04681794520547945,-0.28475,0.13868,0.20435109589041095,365
Teluk Bintuni,2022,-0.13764260563380282,-0.32881,0.06986,0.21448859154929578,142
Teluk Wondama,2021,-0.039577295774647886,-0.3282,0.53496,0.2298701408450704,355
Teluk Wondama,2022,-0.009875,-0.02434,0.00459,0.220045,2
Temanggung,2021,-0.10105263013698632,-0.47916,0.16821,0.22645956164383563,365
Temanggung,2022,-0.2791088028169014,-0.55978,0.09776,0.30173830985915495,142
Ternate,2021,0.02652030136986301,-0.30205,0.29149,0.21627438356164383,365
Ternate,2022,-0.11545161971830986,-0.35118,0.24894,0.26309098591549296,142
Tidore Kepulauan,2021,0.03236021917808219,-0.32565,0.57887,0.22750986301369863,365
Tidore Kepulauan,2022,-0.10758633802816901,-0.33405,0.18796,0.2798745774647887,142
Timor Tengah Selatan,2021,-0.06902268493150686,-0.43275,0.18433,0.2490812876712329,365
Timor Tengah Selatan,2022,-0.17097169014084507,-0.34344,0.1657,0.29941260563380284,142
Timor Tengah Utara,2021,-0.0005031232876712328,-0.38542,0.22514,0.22773673972602737,365
Timor Tengah Utara,2022,-0.10151591549295774,-0.28303,0.12361,0.2774480985915493,142
Toba Samosir,2021,-0.034235150684931506,-0.3413,0.53971,0.21330276712328766,365
Toba Samosir,2022,-0.14068661971830984,-0.30552,0.51535,0.257555,142
Tojo Una-Una,2021,0.04434465753424657,-0.28139,0.28202,0.23563353424657535,365
Tojo Una-Una,2022,-0.07074732394366197,-0.28256,0.23858,0.2778364788732394,142
Toli-Toli,2021,-0.043365479452054795,-0.36114,0.13106,0.2614455890410959,365
Toli-Toli,2022,-0.18793760563380282,-0.38125,0.13966,0.31652704225352113,142
Tomohon,2021,-0.07379169863013699,-0.36861,0.19212,0.23558630136986303,365
Tomohon,2022,-0.20454204225352113,-0.44312,0.073,0.2720973943661972,142
Toraja Utara,2021,-0.017059561643835614,-0.38209,0.38458,0.24157057534246576,365
Toraja Utara,2022,-0.13783070422535212,-0.34533,0.29497,0.2958679577464789,142
Trenggalek,2021,-0.08342175342465753,-0.42973,0.17513,0.2621172876712329,365
Trenggalek,2022,-0.2743479577464789,-0.49785,0.13942,0.34576760563380277,142
Tual,2021,0.06337145205479451,-0.29535,0.39811,0.20944468493150686,365
Tual,2022,-0.09909105633802817,-0.31254,0.17965,0.2657335211267606,142
Tuban,2021,-0.08690178082191781,-0.42115,0.06298,0.2042355616438356,365
Tuban,2022,-0.27428922535211264,-0.51454,0.00362,0.27305971830985915,142
Tulang Bawang Barat,2021,0.005105616438356164,-0.3315,0.28308,0.21392065753424658,365
Tulang Bawang Barat,2022,-0.16586464788732394,-0.40211,0.19994,0.2843445070422535,142
Tulangbawang,2021,-0.010944383561643836,-0.25881,0.24247,0.22767909589041094,365
Tulangbawang,2022,-0.16799387323943663,-0.38123,0.19451,0.2808183098591549,142
Tulungagung,2021,-0.1139205205479452,-0.45485,0.15573,0.24099016438356163,365
Tulungagung,2022,-0.3218357042253521,-0.53162,0.03299,0.3219229577464789,142
Wajo,2021,-0.039996876712328766,-0.3293,0.10855,0.24421457534246574,365
Wajo,2022,-0.15781133802816902,-0.41557,0.11712,0.29246683098591547,142
Wakatobi,2021,-0.05776638356164384,-0.32181,0.11781,0.2223364109589041,365
Wakatobi,2022,-0.15602267605633802,-0.35491,0.01396,0.2746695774647887,142
Waropen,2021,0.056775000000000006,-0.14572,0.25927,0.20298,2
Way Kanan,2021,-0.07542679452054794,-0.30685,0.11275,0.25725660273972606,365
Way Kanan,2022,-0.18967577464788732,-0.36756,0.12409,0.2990264084507042,142
Wonogiri,2021,-0.09287068493150684,-0.42802,0.10067,0.22925312328767125,365
Wonogiri,2022,-0.22680450704225352,-0.46483,0.1882,0.2895811971830986,142
Wonosobo,2021,-0.12057942465753425,-0.46786,0.16604,0.2615292602739726,365
Wonosobo,2022,-0.2822354929577465,-0.55994,0.14694,0.3367695070422535,142
Yahukimo,2021,-0.040515,-0.04678,-0.03425,0.25437,2
